empirical_min_dist,estimated_true_dist,best_x,best_p_aa,best_p_ab,best_p_bb,best_alpha,min_error,real_alpha,real_p_aa,real_p_bb,empirical_true_dist
833.3140000000003,1088.6626262015693,1.089,0.32,0.11385516073914104,0.5661448392608589,0.52,0.0007729909691210428,0.53,0.48,0.45,1000
865.4889999999999,1190.7643934886341,1.191,0.25,0.12321145169533831,0.6267885483046617,0.44,0.000729744145463242,0.53,0.48,0.45,1100
891.1239999999998,1323.0460566995998,1.3235,0.22,0.1337209165367093,0.6462790834632908,0.42000000000000004,0.0006355279596525322,0.53,0.48,0.45,1200
911.5619999999998,1490.1466334230613,1.4935,0.18000000000000002,0.12243932272582925,0.6975606772741707,0.38,0.0006336555465273354,0.53,0.48,0.45,1300
927.853999999999,1499.441956333428,1.5,0.21000000000000002,0.13463266300162824,0.6553673369983718,0.38,0.0006169060182318766,0.53,0.48,0.45,1400
